|hashtag|tweet_id_str
0|Fresno|856554289224761345
1|fresno|856554254714249218
2|allahuakbar|856554254714249218
3|d√≠adellibro|856553956444688385
4|FoodInsecurity|856553827662778368
5|job|856554171318784001
6|Cincinnati|856554171318784001
7|custserv|856554171318784001
8|fintech|856554171318784001
9|reds|856554161948807168
10|bhive|856554161948807168
11|Cousins|856554130898333696
12|Sisters|856554130898333696
13|Family|856554130898333696
14|Davins|856554130898333696
15|Ohio|856554130898333696
16|Cincinnati|856554130898333696
17|Reds|856554109197049856
18|BallparkPass|856554109197049856
19|Collectibles|856554006612660224
20|Buzz|856554006612660224
21|Reds|856554006612660224
22|Forsale|856554006612660224
23|job|856554003328417793
24|Cincinnati|856554003328417793
25|Clerical|856554003328417793
26|Hiring|856554003328417793
27|Driver|856553982596141056
28|TRUCK|856553982596141056
29|JOB|856553982596141056
30|Sports|856553960894734336
31|Goods|856553960894734336
32|Reds|856553960894734336
33|MLB|856553940095123456
34|Baseball|856553940095123456
35|Reds|856553940095123456
